Workbook

Sheet Panduan
A2: Panduan Penggunaan (Harap Diperhatikan)
A4: 1. File ini hanyalah File Master, untuk pengisian masing-masing Puskesmas harap membuat salinan pada "File" > "Buat Salinan/Make a Copy"
A5: 2. Akses panduan penggunaan kertas bantu pada link: Panduan Penggunaan Kertas Bantu Pemantauan Gula Darah Terkendali
A6: 3. Pengisian dilakukan pada kolom A-R sheets "Puskesmas". Harap tidak mengubah kolom S-W karena akan mengubah rumus otomatis.
A7: 4. Hasil pada kolom "Rekap" sudah terhitung secara otomatis, harap tidak mengubah kolom A-AA.

Sheet Puskesmas
A1: Nama Puskesmas | B1: Tahun Pelaporan *wajib diisi | C1: Nama Pasien/NIK | D1: Tanggal Diagnosis (Tgl/Bulan/Tahun) | E1: Tertatalaksana (Pemberian Obat) | F1: Tertatalaksana (Pemberian Edukasi) | G1: Pemeriksaan Gula Darah Puasa per Bulan Kunjungan | S1: Terkendali Bulan Berjalan | T1: Terkendali TW 1 | U1: Terkendali TW 2 | V1: Terkendali TW 3 | W1: Terkendali TW 4
G2: Hasil Pemeriksaan GD Januari | H2: Hasil Pemeriksaan GD Februari | I2: Hasil Pemeriksaan GD Maret | J2: Hasil Pemeriksaan GD April | K2: Hasil Pemeriksaan GD Mei | L2: Hasil Pemeriksaan GD Juni | M2: Hasil Pemeriksaan GD Juli | N2: Hasil Pemeriksaan GD Agustus | O2: Hasil Pemeriksaan GD September | P2: Hasil Pemeriksaan GD Oktober | Q2: Hasil Pemeriksaan GD November | R2: Hasil Pemeriksaan GD Desember
S3: {=MAP( G3:G33766,H3:H33766,I3:I33766,J3:J33766,K3:K33766,L3:L33766, M3:M33766,N3:N33766,O3:O33766,P3:P33766,Q3:Q33766,R3:R33766, D3:D33766, LAMBDA( jan,feb,mar,apr,mei,jun,jul,agu,sep,okt,nov,des, diag, IF(diag="","", LET( eligible, EOMONTH(diag,3)+1, bulan, SEQUENCE(1,12), row, N({jan,feb,mar,apr,mei,jun,jul,agu,sep,okt,nov,des}), bulan_aktif, MAX( IF( DATE(YEAR(TODAY()),bulan,1) <= TODAY(), bulan ) ), IF( DATE(YEAR(TODAY()),bulan_aktif,1) < eligible, "Belum 3 bulan", LET( valid, (bulan >= bulan_aktif-2) * (bulan <= bulan_aktif) * (row > 0), terakhir, IFERROR(LOOKUP(2,1/valid,row),""), IF( terakhir="", "Tidak ada kunjungan", IF( (terakhir>=80)*(terakhir<=130), "Terkendali", "Tidak terkendali" ) ) ) ) ) ) ) )} | T3: {=MAP( G3:G33766, H3:H33766, I3:I33766, D3:D33766, B3:B33766, LAMBDA(jan, feb, mar, diag, tahun, IF(diag="","", LET( eligible, EOMONTH(diag,3)+1, cutoff, DATE(tahun,4,1), IF(eligible>=cutoff,"Belum 3 bulan", LET( row, {jan,feb,mar}, bulan, {1,2,3}, tanggal_bulan, DATE(tahun,bulan,1), valid, (tanggal_bulan>=eligible)* ISNUMBER(row), terakhir, IFERROR(LOOKUP(2,1/valid,row),""), IF(terakhir="","Tidak ada kunjungan", IF( (terakhir>=80)*(terakhir<=130), "Terkendali", "Tidak terkendali") ) ) ) ) ) ) )} | U3: {=MAP( J3:J33766, K3:K33766, L3:L33766, D3:D33766, B3:B33766, LAMBDA(apr, mei, jun, diag, tahun, IF(diag="","", LET( eligible, EOMONTH(diag,3)+1, cutoff, DATE(tahun,7,1), IF(eligible>=cutoff,"Belum 3 bulan", LET( row, {apr,mei,jun}, bulan, {4,5,6}, tanggal_bulan, DATE(tahun,bulan,1), valid, (tanggal_bulan>=eligible)* ISNUMBER(row), terakhir, IFERROR(LOOKUP(2,1/valid,row),""), IF(terakhir="","Tidak ada kunjungan", IF( (terakhir>=80)*(terakhir<=130), "Terkendali", "Tidak terkendali") ) ) ) ) ) ) )} | V3: {=MAP( M3:M33766, N3:N33766, O3:O33766, D3:D33766, B3:B33766, LAMBDA(jul, ags, sep, diag, tahun, IF(diag="","", LET( eligible, EOMONTH(diag,3)+1, cutoff, DATE(tahun,10,1), IF(eligible>=cutoff,"Belum 3 bulan", LET( row, {jul,ags,sep}, bulan, {7,8,9}, tanggal_bulan, DATE(tahun,bulan,1), valid, (tanggal_bulan>=eligible)* ISNUMBER(row), terakhir, IFERROR(LOOKUP(2,1/valid,row),""), IF(terakhir="","Tidak ada kunjungan", IF( (terakhir>=80)*(terakhir<=130), "Terkendali", "Tidak terkendali") ) ) ) ) ) ) )} | W3: {=MAP( P3:P33766, Q3:Q33766, R3:R33766, D3:D33766, B3:B33766, LAMBDA(okt, nov, des, diag, tahun, IF(diag="","", LET( eligible, EOMONTH(diag,3)+1, cutoff, DATE(tahun,12,1), IF(eligible>=cutoff,"Belum 3 bulan", LET( row, {okt,nov,des}, bulan, {10,11,12}, tanggal_bulan, DATE(tahun,bulan,1), valid, (tanggal_bulan>=eligible)* ISNUMBER(row), terakhir, IFERROR(LOOKUP(2,1/valid,row),""), IF(terakhir="","Tidak ada kunjungan", IF( (terakhir>=80)*(terakhir<=130), "Terkendali", "Tidak terkendali") ) ) ) ) ) ) )}

Sheet Rekap
A1: Pasien yang Dilayani Sesuai Standar | M1: Total Pasien Terkendali | R1: Total Pasien Terkendali yang Diberikan Obat | W1: Total Pasien Terkendali yang Tidak Diberikan Obat
A2: Jan | B2: Feb | C2: Mar | D2: April | E2: Mei | F2: Juni | G2: Juli | H2: Ags | I2: Sept | J2: Okt | K2: Nov | L2: Des | M2: Bulan Berjalan | N2: TW1 | O2: TW2 | P2: TW3 | Q2: TW4 | R2: Bulan Berjalan | S2: TW1 | T2: TW2 | U2: TW3 | V2: TW4 | W2: Bulan Berjalan | X2: TW1 | Y2: TW2 | Z2: TW3 | AA2: TW4
A3: {=SUMPRODUCT( (Puskesmas!$E:$E=TRUE)* (Puskesmas!$F:$F=TRUE)* (Puskesmas!G:G<>"") )} | B3: {=SUMPRODUCT( (Puskesmas!$E:$E=TRUE)* (Puskesmas!$F:$F=TRUE)* (Puskesmas!H:H<>"") )} | C3: {=SUMPRODUCT( (Puskesmas!$E:$E=TRUE)* (Puskesmas!$F:$F=TRUE)* (Puskesmas!I:I<>"") )} | D3: {=SUMPRODUCT( (Puskesmas!$E:$E=TRUE)* (Puskesmas!$F:$F=TRUE)* (Puskesmas!J:J<>"") )} | E3: {=SUMPRODUCT( (Puskesmas!$E:$E=TRUE)* (Puskesmas!$F:$F=TRUE)* (Puskesmas!K:K<>"") )} | F3: {=SUMPRODUCT( (Puskesmas!$E:$E=TRUE)* (Puskesmas!$F:$F=TRUE)* (Puskesmas!L:L<>"") )} | G3: {=SUMPRODUCT( (Puskesmas!$E:$E=TRUE)* (Puskesmas!$F:$F=TRUE)* (Puskesmas!M:M<>"") )} | H3: {=SUMPRODUCT( (Puskesmas!$E:$E=TRUE)* (Puskesmas!$F:$F=TRUE)* (Puskesmas!N:N<>"") )} | I3: {=SUMPRODUCT( (Puskesmas!$E:$E=TRUE)* (Puskesmas!$F:$F=TRUE)* (Puskesmas!O:O<>"") )} | J3: {=SUMPRODUCT( (Puskesmas!$E:$E=TRUE)* (Puskesmas!$F:$F=TRUE)* (Puskesmas!P:P<>"") )} | K3: {=SUMPRODUCT( (Puskesmas!$E:$E=TRUE)* (Puskesmas!$F:$F=TRUE)* (Puskesmas!Q:Q<>"") )} | L3: {=SUMPRODUCT( (Puskesmas!$E:$E=TRUE)* (Puskesmas!$F:$F=TRUE)* (Puskesmas!R:R<>"") )} | M3: {=SUMPRODUCT(--(CLEAN(TRIM(Puskesmas!S:S))="Terkendali"))} | N3: {=SUMPRODUCT(--(CLEAN(TRIM(Puskesmas!T:T))="Terkendali"))} | O3: {=SUMPRODUCT(--(CLEAN(TRIM(Puskesmas!U:U))="Terkendali"))} | P3: {=SUMPRODUCT(--(CLEAN(TRIM(Puskesmas!V:V))="Terkendali"))} | Q3: {=SUMPRODUCT(--(CLEAN(TRIM(Puskesmas!W:W))="Terkendali"))} | R3: {=SUMPRODUCT( --(CLEAN(TRIM(Puskesmas!S:S))="Terkendali"), --(Puskesmas!$E:$E=TRUE) )} | S3: {=SUMPRODUCT( --(CLEAN(TRIM(Puskesmas!T:T))="Terkendali"), --(Puskesmas!$E:$E=TRUE) )} | T3: {=SUMPRODUCT( --(CLEAN(TRIM(Puskesmas!U:U))="Terkendali"), --(Puskesmas!$E:$E=TRUE) )} | U3: {=SUMPRODUCT( --(CLEAN(TRIM(Puskesmas!V:V))="Terkendali"), --(Puskesmas!$E:$E=TRUE) )} | V3: {=SUMPRODUCT( --(CLEAN(TRIM(Puskesmas!W:W))="Terkendali"), --(Puskesmas!$E:$E=TRUE) )} | W3: {=SUMPRODUCT( --(CLEAN(TRIM(Puskesmas!S:S))="Terkendali"), --(Puskesmas!$E:$E=FALSE) )} | X3: {=SUMPRODUCT( --(CLEAN(TRIM(Puskesmas!T:T))="Terkendali"), --(Puskesmas!$E:$E=FALSE) )} | Y3: {=SUMPRODUCT( --(CLEAN(TRIM(Puskesmas!U:U))="Terkendali"), --(Puskesmas!$E:$E=FALSE) )} | Z3: {=SUMPRODUCT( --(CLEAN(TRIM(Puskesmas!V:V))="Terkendali"), --(Puskesmas!$E:$E=FALSE) )} | AA3: {=SUMPRODUCT( --(CLEAN(TRIM(Puskesmas!W:W))="Terkendali"), --(Puskesmas!$E:$E=FALSE) )}
