Workbook

Sheet Hipertensi - Puskesmas
A1: Nama Puskesmas | B1: Tahun Pelaporan *wajib diisi | C1: Nama Pasien/NIK | D1: Tanggal Diagnosis (Tgl/Bulan/Tahun) | E1: Tertatalaksana (Pemberian Obat) | F1: Tertatalaksana (Pemberian Edukasi) | G1: Pemeriksaan Tekanan Darah per Bulan Kunjungan | AE1: Status Kunjungan
G2: Januari | I2: Februari | K2: Maret | M2: April | O2: Mei | Q2: Juni | S2: Juli | U2: Agustus | W2: September | Y2: Oktober | AA2: November | AC2: Desember | AE2: Terkendali Bulan Berjalan | AF2: Terkendali TW 1 | AG2: Terkendali TW 2 | AH2: Terkendali TW 3 | AI2: Terkendali TW 4 | AJ2: Terkendali Bulan Januari | AK2: Terkendali Bulan Februari | AL2: Terkendali Bulan Maret | AM2: Terkendali Bulan April | AN2: Terkendali Bulan Mei | AO2: Terkendali Bulan Juni | AP2: Terkendali Bulan Juli | AQ2: Terkendali Bulan Agustus | AR2: Terkendali Bulan September | AS2: Terkendali Bulan Oktober | AT2: Terkendali Bulan November | AU2: Terkendali Bulan Desember | AV2: Status Jan | AW2: Status Feb | AX2: Status Mar | AY2: Status Apr | AZ2: Status Mei | BA2: Status Jun | BB2: Status Jul | BC2: Status Ags | BD2: Status Sep | BE2: Status Okt | BF2: Status Nov | BG2: Status Des
G3: Sistolik | H3: Diastolik | I3: Sistolik | J3: Diastolik | K3: Sistolik | L3: Diastolik | M3: Sistolik | N3: Diastolik | O3: Sistolik | P3: Diastolik | Q3: Sistolik | R3: Diastolik | S3: Sistolik | T3: Diastolik | U3: Sistolik | V3: Diastolik | W3: Sistolik | X3: Diastolik | Y3: Sistolik | Z3: Diastolik | AA3: Sistolik | AB3: Diastolik | AC3: Sistolik | AD3: Diastolik | AE3: Hasil | AF3: Hasil | AG3: Hasil | AH3: Hasil | AI3: Hasil | AJ3: Hasil | AK3: Hasil | AL3: Hasil | AM3: Hasil | AN3: Hasil | AO3: Hasil | AP3: Hasil | AQ3: Hasil | AR3: Hasil | AS3: Hasil | AT3: Hasil | AU3: Hasil | AV3: Hasil | AW3: Hasil | AX3: Hasil | AY3: Hasil | AZ3: Hasil | BA3: Hasil | BB3: Hasil | BC3: Hasil | BD3: Hasil | BE3: Hasil | BF3: Hasil | BG3: Hasil
AF4: {=MAP( G4:G1003,H4:H1003,I4:I1003,J4:J1003,K4:K1003,L4:L1003, D4:D1003,B4:B1003, LAMBDA( jan_sys,jan_dia,feb_sys,feb_dia,mar_sys,mar_dia,diag,tahun, IF(diag="","", LET( eligible,EOMONTH(diag,3)+1, cutoff,DATE(tahun,4,1), IF(eligible>=cutoff,"Belum 3 bulan", LET( sys,CHOOSE(SEQUENCE(1,3),jan_sys,feb_sys,mar_sys), dia,CHOOSE(SEQUENCE(1,3),jan_dia,feb_dia,mar_dia), bulan,SEQUENCE(1,3), tanggal_bulan,DATE(tahun,bulan,1), valid,(tanggal_bulan>=eligible)*ISNUMBER(sys)*ISNUMBER(dia), terakhir_sys,IFERROR(LOOKUP(2,1/valid,sys),""), terakhir_dia,IFERROR(LOOKUP(2,1/valid,dia),""), IF( OR(terakhir_sys="",terakhir_dia=""), "Tidak ada kunjungan", IF( AND(terakhir_sys<140,terakhir_dia<90), "Terkendali", "Tidak Terkendali" ) ) ) ) ) ) ) )} | AG4: {=MAP( M4:M1003,N4:N1003,O4:O1003,P4:P1003,Q4:Q1003,R4:R1003, D4:D1003,B4:B1003, LAMBDA( apr_sys,apr_dia,mei_sys,mei_dia,jun_sys,jun_dia,diag,tahun, IF(diag="","", LET( eligible,EOMONTH(diag,3)+1, cutoff,DATE(tahun,7,1), IF(eligible>=cutoff,"Belum 3 bulan", LET( sys,CHOOSE(SEQUENCE(1,3),apr_sys,mei_sys,jun_sys), dia,CHOOSE(SEQUENCE(1,3),apr_dia,mei_dia,jun_dia), bulan,SEQUENCE(1,3,4,1), tanggal_bulan,DATE(tahun,bulan,1), valid,(tanggal_bulan>=eligible)*ISNUMBER(sys)*ISNUMBER(dia), terakhir_sys,IFERROR(LOOKUP(2,1/valid,sys),""), terakhir_dia,IFERROR(LOOKUP(2,1/valid,dia),""), IF( OR(terakhir_sys="",terakhir_dia=""), "Tidak ada kunjungan", IF( AND(terakhir_sys<140,terakhir_dia<90), "Terkendali", "Tidak Terkendali" ) ) ) ) ) ) ) )} | AH4: {=MAP( S4:S1003,T4:T1003,U4:U1003,V4:V1003,W4:W1003,X4:X1003, D4:D1003,B4:B1003, LAMBDA( jul_sys,jul_dia,agu_sys,agu_dia,sep_sys,sep_dia,diag,tahun, IF(diag="","", LET( eligible,EOMONTH(diag,3)+1, cutoff,DATE(tahun,10,1), IF(eligible>=cutoff,"Belum 3 bulan", LET( sys,CHOOSE(SEQUENCE(1,3),jul_sys,agu_sys,sep_sys), dia,CHOOSE(SEQUENCE(1,3),jul_dia,agu_dia,sep_dia), bulan,SEQUENCE(1,3,7,1), tanggal_bulan,DATE(tahun,bulan,1), valid,(tanggal_bulan>=eligible)*ISNUMBER(sys)*ISNUMBER(dia), terakhir_sys,IFERROR(LOOKUP(2,1/valid,sys),""), terakhir_dia,IFERROR(LOOKUP(2,1/valid,dia),""), IF( OR(terakhir_sys="",terakhir_dia=""), "Tidak ada kunjungan", IF( AND(terakhir_sys<140,terakhir_dia<90), "Terkendali", "Tidak Terkendali" ) ) ) ) ) ) ) )} | AI4: {=MAP( Y4:Y1003,Z4:Z1003,AA4:AA1003,AB4:AB1003,AC4:AC1003,AD4:AD1003, D4:D1003,B4:B1003, LAMBDA( okt_sys,okt_dia,nov_sys,nov_dia,des_sys,des_dia,diag,tahun, IF(diag="","", LET( eligible,EOMONTH(diag,3)+1, cutoff,DATE(tahun,12,1), IF(eligible>=cutoff,"Belum 3 bulan", LET( sys,CHOOSE(SEQUENCE(1,3),okt_sys,nov_sys,des_sys), dia,CHOOSE(SEQUENCE(1,3),okt_dia,nov_dia,des_dia), bulan,SEQUENCE(1,3,10,1), tanggal_bulan,DATE(tahun,bulan,1), valid,(tanggal_bulan>=eligible)*ISNUMBER(sys)*ISNUMBER(dia), terakhir_sys,IFERROR(LOOKUP(2,1/valid,sys),""), terakhir_dia,IFERROR(LOOKUP(2,1/valid,dia),""), IF( OR(terakhir_sys="",terakhir_dia=""), "Tidak ada kunjungan", IF( AND(terakhir_sys<140,terakhir_dia<90), "Terkendali", "Tidak Terkendali" ) ) ) ) ) ) ) )} | AJ4: {=IF(D4:D1003="","",IF(DATE(B4:B1003,1,1)<EOMONTH(D4:D1003,3)+1,"Belum 3 bulan",IF((G4:G1003="")+(H4:H1003=""),"Tidak ada kunjungan",IF((G4:G1003<140)*(H4:H1003<90),"Terkendali","Tidak Terkendali"))))} | AK4: {=IF(D4:D1003="","",IF(DATE(B4:B1003,2,1)<EOMONTH(D4:D1003,3)+1,"Belum 3 bulan",IF((I4:I1003="")+(J4:J1003=""),"Tidak ada kunjungan",IF((I4:I1003<140)*(J4:J1003<90),"Terkendali","Tidak Terkendali"))))} | AL4: {=IF(D4:D1003="","",IF(DATE(B4:B1003,3,1)<EOMONTH(D4:D1003,3)+1,"Belum 3 bulan",IF((K4:K1003="")+(L4:L1003=""),"Tidak ada kunjungan",IF((K4:K1003<140)*(L4:L1003<90),"Terkendali","Tidak Terkendali"))))} | AM4: {=IF(D4:D1003="","",IF(DATE(B4:B1003,4,1)<EOMONTH(D4:D1003,3)+1,"Belum 3 bulan",IF((M4:M1003="")+(N4:N1003=""),"Tidak ada kunjungan",IF((M4:M1003<140)*(N4:N1003<90),"Terkendali","Tidak Terkendali"))))} | AN4: {=IF(D4:D1003="","",IF(DATE(B4:B1003,5,1)<EOMONTH(D4:D1003,3)+1,"Belum 3 bulan",IF((O4:O1003="")+(P4:P1003=""),"Tidak ada kunjungan",IF((O4:O1003<140)*(P4:P1003<90),"Terkendali","Tidak Terkendali"))))} | AO4: {=IF(D4:D1003="","",IF(DATE(B4:B1003,6,1)<EOMONTH(D4:D1003,3)+1,"Belum 3 bulan",IF((Q4:Q1003="")+(R4:R1003=""),"Tidak ada kunjungan",IF((Q4:Q1003<140)*(R4:R1003<90),"Terkendali","Tidak Terkendali"))))} | AP4: {=IF(D4:D1003="","",IF(DATE(B4:B1003,7,1)<EOMONTH(D4:D1003,3)+1,"Belum 3 bulan",IF((S4:S1003="")+(T4:T1003=""),"Tidak ada kunjungan",IF((S4:S1003<140)*(T4:T1003<90),"Terkendali","Tidak Terkendali"))))} | AQ4: {=IF(D4:D1003="","",IF(DATE(B4:B1003,8,1)<EOMONTH(D4:D1003,3)+1,"Belum 3 bulan",IF((U4:U1003="")+(V4:V1003=""),"Tidak ada kunjungan",IF((U4:U1003<140)*(V4:V1003<90),"Terkendali","Tidak Terkendali"))))} | AR4: {=IF(D4:D1003="","",IF(DATE(B4:B1003,9,1)<EOMONTH(D4:D1003,3)+1,"Belum 3 bulan",IF((W4:W1003="")+(X4:X1003=""),"Tidak ada kunjungan",IF((W4:W1003<140)*(X4:X1003<90),"Terkendali","Tidak Terkendali"))))} | AS4: {=IF(D4:D1003="","",IF(DATE(B4:B1003,10,1)<EOMONTH(D4:D1003,3)+1,"Belum 3 bulan",IF((Y4:Y1003="")+(Z4:Z1003=""),"Tidak ada kunjungan",IF((Y4:Y1003<140)*(Z4:Z1003<90),"Terkendali","Tidak Terkendali"))))} | AT4: {=IF(D4:D1003="","",IF(DATE(B4:B1003,11,1)<EOMONTH(D4:D1003,3)+1,"Belum 3 bulan",IF((AA4:AA1003="")+(AB4:AB1003=""),"Tidak ada kunjungan",IF((AA4:AA1003<140)*(AB4:AB1003<90),"Terkendali","Tidak Terkendali"))))} | AU4: {=IF(D4:D1003="","",IF(DATE(B4:B1003,12,1)<EOMONTH(D4:D1003,3)+1,"Belum 3 bulan",IF((AC4:AC1003="")+(AD4:AD1003=""),"Tidak ada kunjungan",IF((AC4:AC1003<140)*(AD4:AD1003<90),"Terkendali","Tidak Terkendali"))))} | AV4: =IF(OR($D4="", $B4=""),"",IF(AND(G4<>"",H4<>""),IF(AND(G4<140,H4<90),"Terkendali","Tidak terkendali"),IF(DATE($B4,1+1,0)<$D4,"Belum 3 bulan",IF(DATEDIF($D4,DATE($B4,1+1,0),"m")<3,"Belum 3 bulan","Tidak ada kunjungan")))) | AW4: =IF(OR($D4="", $B4=""),"",IF(AND(I4<>"",J4<>""),IF(AND(I4<140,J4<90),"Terkendali","Tidak terkendali"),IF(DATE($B4,2+1,0)<$D4,"Belum 3 bulan",IF(DATEDIF($D4,DATE($B4,2+1,0),"m")<3,"Belum 3 bulan","Tidak ada kunjungan")))) | AX4: =IF(OR($D4="", $B4=""),"",IF(AND(K4<>"",L4<>""),IF(AND(K4<140,L4<90),"Terkendali","Tidak terkendali"),IF(DATE($B4,3+1,0)<$D4,"Belum 3 bulan",IF(DATEDIF($D4,DATE($B4,3+1,0),"m")<3,"Belum 3 bulan","Tidak ada kunjungan")))) | AY4: =IF(OR($D4="", $B4=""),"",IF(AND(M4<>"",N4<>""),IF(AND(M4<140,N4<90),"Terkendali","Tidak terkendali"),IF(DATE($B4,4+1,0)<$D4,"Belum 3 bulan",IF(DATEDIF($D4,DATE($B4,4+1,0),"m")<3,"Belum 3 bulan","Tidak ada kunjungan")))) | AZ4: =IF(OR($D4="", $B4=""),"",IF(AND(O4<>"",P4<>""),IF(AND(O4<140,P4<90),"Terkendali","Tidak terkendali"),IF(DATE($B4,5+1,0)<$D4,"Belum 3 bulan",IF(DATEDIF($D4,DATE($B4,5+1,0),"m")<3,"Belum 3 bulan","Tidak ada kunjungan")))) | BA4: =IF(OR($D4="", $B4=""),"",IF(AND(Q4<>"",R4<>""),IF(AND(Q4<140,R4<90),"Terkendali","Tidak terkendali"),IF(DATE($B4,6+1,0)<$D4,"Belum 3 bulan",IF(DATEDIF($D4,DATE($B4,6+1,0),"m")<3,"Belum 3 bulan","Tidak ada kunjungan")))) | BB4: =IF(OR($D4="", $B4=""),"",IF(AND(S4<>"",T4<>""),IF(AND(S4<140,T4<90),"Terkendali","Tidak terkendali"),IF(DATE($B4,7+1,0)<$D4,"Belum 3 bulan",IF(DATEDIF($D4,DATE($B4,7+1,0),"m")<3,"Belum 3 bulan","Tidak ada kunjungan")))) | BC4: =IF(OR($D4="", $B4=""),"",IF(AND(U4<>"",V4<>""),IF(AND(U4<140,V4<90),"Terkendali","Tidak terkendali"),IF(DATE($B4,8+1,0)<$D4,"Belum 3 bulan",IF(DATEDIF($D4,DATE($B4,8+1,0),"m")<3,"Belum 3 bulan","Tidak ada kunjungan")))) | BD4: =IF(OR($D4="", $B4=""),"",IF(AND(W4<>"",X4<>""),IF(AND(W4<140,X4<90),"Terkendali","Tidak terkendali"),IF(DATE($B4,9+1,0)<$D4,"Belum 3 bulan",IF(DATEDIF($D4,DATE($B4,9+1,0),"m")<3,"Belum 3 bulan","Tidak ada kunjungan")))) | BE4: =IF(OR($D4="", $B4=""),"",IF(AND(Y4<>"",Z4<>""),IF(AND(Y4<140,Z4<90),"Terkendali","Tidak terkendali"),IF(DATE($B4,10+1,0)<$D4,"Belum 3 bulan",IF(DATEDIF($D4,DATE($B4,10+1,0),"m")<3,"Belum 3 bulan","Tidak ada kunjungan")))) | BF4: =IF(OR($D4="", $B4=""),"",IF(AND(AA4<>"",AB4<>""),IF(AND(AA4<140,AB4<90),"Terkendali","Tidak terkendali"),IF(DATE($B4,11+1,0)<$D4,"Belum 3 bulan",IF(DATEDIF($D4,DATE($B4,11+1,0),"m")<3,"Belum 3 bulan","Tidak ada kunjungan")))) | BG4: =IF(OR($D4="", $B4=""),"",IF(AND(AC4<>"",AD4<>""),IF(AND(AC4<140,AD4<90),"Terkendali","Tidak terkendali"),IF(DATE($B4,12+1,0)<$D4,"Belum 3 bulan",IF(DATEDIF($D4,DATE($B4,12+1,0),"m")<3,"Belum 3 bulan","Tidak ada kunjungan"))))

Sheet Hipertensi - Rekap
A1: Pasien yang Dilayani Sesuai Standar | N1: Total Pasien Terkendali | AE1: Total Pasien Terkendali yang Diberikan Obat | AW1: Total Pasien Terkendali yang Tidak Diberikan Obat
A2: Januari | B2: Februari | C2: Maret | D2: April | E2: Mei | F2: Juni | G2: Juli | H2: Agustus | I2: September | J2: Oktober | K2: November | L2: Desember | N2: Bulan Berjalan | O2: TW 1 | P2: TW 2 | Q2: TW 3 | R2: TW 4 | S2: Januari | T2: Februari | U2: Maret | V2: April | W2: Mei | X2: Juni | Y2: Juli | Z2: Agustus | AA2: September | AB2: Oktober | AC2: November | AD2: Desember | AE2: Bulan Berjalan | AF2: TW 1 | AG2: TW 2 | AH2: TW 3 | AI2: TW 4 | AJ2: Januari | AK2: Februari | AL2: Maret | AM2: April | AN2: Mei | AO2: Juni | AP2: Juli | AQ2: Agustus | AR2: September | AS2: Oktober | AT2: November | AU2: Desember | AW2: Bulan Berjalan | AX2: TW 1 | AY2: TW 2 | AZ2: TW 3 | BA2: TW 4 | BB2: Januari | BC2: Februari | BD2: Maret | BE2: April | BF2: Mei | BG2: Juni | BH2: Juli | BI2: Agustus | BJ2: September | BK2: Oktober | BL2: November | BM2: Desember
A3: {=SUMPRODUCT( ('Hipertensi - Puskesmas'!$E:$E=TRUE)* ('Hipertensi - Puskesmas'!$F:$F=TRUE)* ('Hipertensi - Puskesmas'!G:G<>"")* ('Hipertensi - Puskesmas'!H:H<>"") )} | B3: {=SUMPRODUCT( ('Hipertensi - Puskesmas'!$E:$E=TRUE)* ('Hipertensi - Puskesmas'!$F:$F=TRUE)* ('Hipertensi - Puskesmas'!I:I<>"")* ('Hipertensi - Puskesmas'!J:J<>"") )} | C3: {=SUMPRODUCT( ('Hipertensi - Puskesmas'!$E:$E=TRUE)* ('Hipertensi - Puskesmas'!$F:$F=TRUE)* ('Hipertensi - Puskesmas'!K:K<>"")* ('Hipertensi - Puskesmas'!L:L<>"") )} | D3: {=SUMPRODUCT( ('Hipertensi - Puskesmas'!$E:$E=TRUE)* ('Hipertensi - Puskesmas'!$F:$F=TRUE)* ('Hipertensi - Puskesmas'!M:M<>"")* ('Hipertensi - Puskesmas'!M:M<>"") )} | E3: {=SUMPRODUCT( ('Hipertensi - Puskesmas'!$E:$E=TRUE)* ('Hipertensi - Puskesmas'!$F:$F=TRUE)* ('Hipertensi - Puskesmas'!N:N<>"")* ('Hipertensi - Puskesmas'!O:O<>"") )} | F3: {=SUMPRODUCT( ('Hipertensi - Puskesmas'!$E:$E=TRUE)* ('Hipertensi - Puskesmas'!$F:$F=TRUE)* ('Hipertensi - Puskesmas'!P:P<>"")* ('Hipertensi - Puskesmas'!Q:Q<>"") )} | G3: {=SUMPRODUCT( ('Hipertensi - Puskesmas'!$E:$E=TRUE)* ('Hipertensi - Puskesmas'!$F:$F=TRUE)* ('Hipertensi - Puskesmas'!R:R<>"")* ('Hipertensi - Puskesmas'!S:S<>"") )} | H3: {=SUMPRODUCT( ('Hipertensi - Puskesmas'!$E:$E=TRUE)* ('Hipertensi - Puskesmas'!$F:$F=TRUE)* ('Hipertensi - Puskesmas'!T:T<>"")* ('Hipertensi - Puskesmas'!U:U<>"") )} | I3: {=SUMPRODUCT( ('Hipertensi - Puskesmas'!$E:$E=TRUE)* ('Hipertensi - Puskesmas'!$F:$F=TRUE)* ('Hipertensi - Puskesmas'!V:V<>"")* ('Hipertensi - Puskesmas'!W:W<>"") )} | J3: {=SUMPRODUCT( ('Hipertensi - Puskesmas'!$E:$E=TRUE)* ('Hipertensi - Puskesmas'!$F:$F=TRUE)* ('Hipertensi - Puskesmas'!X:X<>"")* ('Hipertensi - Puskesmas'!Y:Y<>"") )} | K3: {=SUMPRODUCT( ('Hipertensi - Puskesmas'!$E:$E=TRUE)* ('Hipertensi - Puskesmas'!$F:$F=TRUE)* ('Hipertensi - Puskesmas'!Z:Z<>"")* ('Hipertensi - Puskesmas'!AA:AA<>"") )} | L3: {=SUMPRODUCT( ('Hipertensi - Puskesmas'!$E:$E=TRUE)* ('Hipertensi - Puskesmas'!$F:$F=TRUE)* ('Hipertensi - Puskesmas'!AB:AB<>"")* ('Hipertensi - Puskesmas'!AC:AC<>"") )} | N3: {=SUMPRODUCT(--(CLEAN(TRIM('Hipertensi - Puskesmas'!AE:AE))="Terkendali"))} | O3: {=SUMPRODUCT(--(CLEAN(TRIM('Hipertensi - Puskesmas'!AF:AF))="Terkendali"))} | P3: {=SUMPRODUCT(--(CLEAN(TRIM('Hipertensi - Puskesmas'!AG:AG))="Terkendali"))} | Q3: {=SUMPRODUCT(--(CLEAN(TRIM('Hipertensi - Puskesmas'!AH:AH))="Terkendali"))} | R3: {=SUMPRODUCT(--(CLEAN(TRIM('Hipertensi - Puskesmas'!AI:AI))="Terkendali"))} | S3: {=SUMPRODUCT( --(CLEAN(TRIM(INDEX('Hipertensi - Puskesmas'!$AJ:$AU,0,COLUMN()-COLUMN($S$3)+1)))="Terkendali") )} | T3: {=SUMPRODUCT( --(CLEAN(TRIM(INDEX('Hipertensi - Puskesmas'!$AJ:$AU,0,COLUMN()-COLUMN($S$3)+1)))="Terkendali") )} | U3: {=SUMPRODUCT( --(CLEAN(TRIM(INDEX('Hipertensi - Puskesmas'!$AJ:$AU,0,COLUMN()-COLUMN($S$3)+1)))="Terkendali") )} | V3: {=SUMPRODUCT( --(CLEAN(TRIM(INDEX('Hipertensi - Puskesmas'!$AJ:$AU,0,COLUMN()-COLUMN($S$3)+1)))="Terkendali") )} | W3: {=SUMPRODUCT( --(CLEAN(TRIM(INDEX('Hipertensi - Puskesmas'!$AJ:$AU,0,COLUMN()-COLUMN($S$3)+1)))="Terkendali") )} | X3: {=SUMPRODUCT( --(CLEAN(TRIM(INDEX('Hipertensi - Puskesmas'!$AJ:$AU,0,COLUMN()-COLUMN($S$3)+1)))="Terkendali") )} | Y3: {=SUMPRODUCT( --(CLEAN(TRIM(INDEX('Hipertensi - Puskesmas'!$AJ:$AU,0,COLUMN()-COLUMN($S$3)+1)))="Terkendali") )} | Z3: {=SUMPRODUCT( --(CLEAN(TRIM(INDEX('Hipertensi - Puskesmas'!$AJ:$AU,0,COLUMN()-COLUMN($S$3)+1)))="Terkendali") )} | ... AD3: {=SUMPRODUCT( --(CLEAN(TRIM(INDEX('Hipertensi - Puskesmas'!$AJ:$AU,0,COLUMN()-COLUMN($S$3)+1)))="Terkendali") )} | AE3: {=SUMPRODUCT( --(CLEAN(TRIM('Hipertensi - Puskesmas'!AE:AE))="Terkendali"), --('Hipertensi - Puskesmas'!$E:$E=TRUE) )} | AF3: {=SUMPRODUCT( --(CLEAN(TRIM('Hipertensi - Puskesmas'!AF:AF))="Terkendali"), --('Hipertensi - Puskesmas'!$E:$E=TRUE) )} | AG3: {=SUMPRODUCT( --(CLEAN(TRIM('Hipertensi - Puskesmas'!AG:AG))="Terkendali"), --('Hipertensi - Puskesmas'!$E:$E=TRUE) )} | AH3: {=SUMPRODUCT( --(CLEAN(TRIM('Hipertensi - Puskesmas'!AH:AH))="Terkendali"), --('Hipertensi - Puskesmas'!$E:$E=TRUE) )} | AI3: {=SUMPRODUCT( --(CLEAN(TRIM('Hipertensi - Puskesmas'!AI:AI))="Terkendali"), --('Hipertensi - Puskesmas'!$E:$E=TRUE) )} | AJ3: {=SUMPRODUCT( --(CLEAN(TRIM(INDEX('Hipertensi - Puskesmas'!$AJ:$AU,0,COLUMN()-COLUMN($AJ$3)+1)))="Terkendali"), --('Hipertensi - Puskesmas'!$E:$E=TRUE) )} | AK3: {=SUMPRODUCT( --(CLEAN(TRIM(INDEX('Hipertensi - Puskesmas'!$AJ:$AU,0,COLUMN()-COLUMN($AJ$3)+1)))="Terkendali"), --('Hipertensi - Puskesmas'!$E:$E=TRUE) )} | AL3: {=SUMPRODUCT( --(CLEAN(TRIM(INDEX('Hipertensi - Puskesmas'!$AJ:$AU,0,COLUMN()-COLUMN($AJ$3)+1)))="Terkendali"), --('Hipertensi - Puskesmas'!$E:$E=TRUE) )} | AM3: {=SUMPRODUCT( --(CLEAN(TRIM(INDEX('Hipertensi - Puskesmas'!$AJ:$AU,0,COLUMN()-COLUMN($AJ$3)+1)))="Terkendali"), --('Hipertensi - Puskesmas'!$E:$E=TRUE) )} | AN3: {=SUMPRODUCT( --(CLEAN(TRIM(INDEX('Hipertensi - Puskesmas'!$AJ:$AU,0,COLUMN()-COLUMN($AJ$3)+1)))="Terkendali"), --('Hipertensi - Puskesmas'!$E:$E=TRUE) )} | AO3: {=SUMPRODUCT( --(CLEAN(TRIM(INDEX('Hipertensi - Puskesmas'!$AJ:$AU,0,COLUMN()-COLUMN($AJ$3)+1)))="Terkendali"), --('Hipertensi - Puskesmas'!$E:$E=TRUE) )} | AP3: {=SUMPRODUCT( --(CLEAN(TRIM(INDEX('Hipertensi - Puskesmas'!$AJ:$AU,0,COLUMN()-COLUMN($AJ$3)+1)))="Terkendali"), --('Hipertensi - Puskesmas'!$E:$E=TRUE) )} | AQ3: {=SUMPRODUCT( --(CLEAN(TRIM(INDEX('Hipertensi - Puskesmas'!$AJ:$AU,0,COLUMN()-COLUMN($AJ$3)+1)))="Terkendali"), --('Hipertensi - Puskesmas'!$E:$E=TRUE) )} | ... AU3: {=SUMPRODUCT( --(CLEAN(TRIM(INDEX('Hipertensi - Puskesmas'!$AJ:$AU,0,COLUMN()-COLUMN($AJ$3)+1)))="Terkendali"), --('Hipertensi - Puskesmas'!$E:$E=TRUE) )} | AW3: {=SUMPRODUCT( --(CLEAN(TRIM('Hipertensi - Puskesmas'!AE:AE))="Terkendali"), --('Hipertensi - Puskesmas'!$E:$E=FALSE) )} | AX3: {=SUMPRODUCT( --(CLEAN(TRIM('Hipertensi - Puskesmas'!AF:AF))="Terkendali"), --('Hipertensi - Puskesmas'!$E:$E=FALSE) )} | AY3: {=SUMPRODUCT( --(CLEAN(TRIM('Hipertensi - Puskesmas'!AG:AG))="Terkendali"), --('Hipertensi - Puskesmas'!$E:$E=FALSE) )} | AZ3: {=SUMPRODUCT( --(CLEAN(TRIM('Hipertensi - Puskesmas'!AH:AH))="Terkendali"), --('Hipertensi - Puskesmas'!$E:$E=FALSE) )} | BA3: {=SUMPRODUCT( --(CLEAN(TRIM('Hipertensi - Puskesmas'!AI:AI))="Terkendali"), --('Hipertensi - Puskesmas'!$E:$E=FALSE) )} | BB3: {=SUMPRODUCT( --(CLEAN(TRIM(INDEX('Hipertensi - Puskesmas'!$AJ:$AU,0,COLUMN()-COLUMN($BB$3)+1)))="Terkendali"), --('Hipertensi - Puskesmas'!$E:$E=FALSE) )} | BC3: {=SUMPRODUCT( --(CLEAN(TRIM(INDEX('Hipertensi - Puskesmas'!$AJ:$AU,0,COLUMN()-COLUMN($BB$3)+1)))="Terkendali"), --('Hipertensi - Puskesmas'!$E:$E=FALSE) )} | BD3: {=SUMPRODUCT( --(CLEAN(TRIM(INDEX('Hipertensi - Puskesmas'!$AJ:$AU,0,COLUMN()-COLUMN($BB$3)+1)))="Terkendali"), --('Hipertensi - Puskesmas'!$E:$E=FALSE) )} | BE3: {=SUMPRODUCT( --(CLEAN(TRIM(INDEX('Hipertensi - Puskesmas'!$AJ:$AU,0,COLUMN()-COLUMN($BB$3)+1)))="Terkendali"), --('Hipertensi - Puskesmas'!$E:$E=FALSE) )} | BF3: {=SUMPRODUCT( --(CLEAN(TRIM(INDEX('Hipertensi - Puskesmas'!$AJ:$AU,0,COLUMN()-COLUMN($BB$3)+1)))="Terkendali"), --('Hipertensi - Puskesmas'!$E:$E=FALSE) )} | BG3: {=SUMPRODUCT( --(CLEAN(TRIM(INDEX('Hipertensi - Puskesmas'!$AJ:$AU,0,COLUMN()-COLUMN($BB$3)+1)))="Terkendali"), --('Hipertensi - Puskesmas'!$E:$E=FALSE) )} | BH3: {=SUMPRODUCT( --(CLEAN(TRIM(INDEX('Hipertensi - Puskesmas'!$AJ:$AU,0,COLUMN()-COLUMN($BB$3)+1)))="Terkendali"), --('Hipertensi - Puskesmas'!$E:$E=FALSE) )} | BI3: {=SUMPRODUCT( --(CLEAN(TRIM(INDEX('Hipertensi - Puskesmas'!$AJ:$AU,0,COLUMN()-COLUMN($BB$3)+1)))="Terkendali"), --('Hipertensi - Puskesmas'!$E:$E=FALSE) )} | ... BM3: {=SUMPRODUCT( --(CLEAN(TRIM(INDEX('Hipertensi - Puskesmas'!$AJ:$AU,0,COLUMN()-COLUMN($BB$3)+1)))="Terkendali"), --('Hipertensi - Puskesmas'!$E:$E=FALSE) )}
